,Income Statement Trending Detail - GGM,,,,,,,,,,,,,,,,,,,,,,,,,
,,,,,,,,,,,,,,,,,,,,,,,,,,
,7/1/2025 to 6/30/2026,,,,,,,,,,,,,,,,,,,,,,,,,
,,,,,,,,,,,,,,,,,,,,,,,,,,
,,,,,,,,,,,,,,,,,,,,,,,,,,
Included:,,,,,,,,,,,,,,,,,,,,,,,,,,
,Allure of Peru,,,,,,,,,,,,,,,,,,,,,,,,,
,,,,,,,,,,,,,,,,,,,,,,,,,,
,July 25_Actual $,July 25_Actual / Day,August 25_Actual $,August 25_Actual / Day,September 25_Actual $,September 25_Actual / Day,October 25_Actual $,October 25_Actual / Day,November 25_Actual $,November 25_Actual / Day,December 25_Actual $,December 25_Actual / Day,January 26_Actual $,January 26_Actual / Day,February 26_Actual $,February 26_Actual / Day,March 26_Actual $,March 26_Actual / Day,April 26_Actual $,April 26_Actual / Day,May 26_Actual $,May 26_Actual / Day,June 26_Actual $,June 26_Actual / Day,TOTALS_Actual $,TOTALS_Actual / Day
Revenue,,,,,,,,,,,,,,,,,,,,,,,,,,
   Medicaid,"395,127",295.98,"413,088",295.7,"410,913",296.05,"369,135",262.73,"320,350",261.3,"389,012",262.85,"373,338",264.97,"343,174",265,"362,983",264.95,"409,339",277.33,"410,735",277.52,"364,777",278.88,"4,561,969",275.33
   Hospice,"27,562",296.37,"41,492",296.37,"42,085",296.37,"37,000",262.41,"30,470",253.92,"54,056",262.41,"29,983",265.34,"26,799",265.34,"46,435",265.34,"58,351",273.95,"2,027",675.78,"44,864",276.94,"441,125",274.16
   Medicare A,"195,908",653.03,"150,286",615.93,"180,454",649.11,"173,470",649.7,"165,678",676.24,"221,112",684.56,"231,097",700.29,"233,294",706.95,"218,569",698.3,"226,673",699.61,"284,859",691.4,"217,731",697.86,"2,499,130",679.48
   Commercial Insurance,"52,479",460.34,"77,254",508.25,"91,873",419.51,"53,007",486.3,"50,226",469.41,"119,379",523.59,"145,811",451.43,"89,223",479.69,"115,480",469.43,"122,182",462.81,"95,169",451.04,"108,419",457.46,"1,120,503",467.66
   Private Pay,"155,881",292.46,"123,863",306.59,"130,438",299.86,"104,916",303.22,"120,531",269.64,"60,990",285,"91,485",285,"108,247",287.13,"117,477",287.93,"54,150",338.44,"100,947",290.08,"89,455",277.81,"1,258,378",291.63
   Veteran Affairs,0,,0,,0,,0,,0,,0,,0,,0,,0,,0,,0,,0,,0,
   Medicare / Managed Care B,"31,718",,"29,662",,"24,022",,"32,306",,"18,907",,"22,468",,"22,607",,"22,001",,"23,866",,"20,682",,"18,845",,"15,317",,"282,401",
   Private Pay Independent Living,0,,0,,0,,0,,0,,0,,0,,0,,0,,0,,0,,0,,0,
   Home Care Income,0,,0,,0,,0,,0,,0,,0,,0,,0,,0,,0,,0,,0,
   Daily Training Program,0,,0,,0,,0,,0,,0,,0,,0,,0,,0,,0,,0,,0,
   Other,87,,"1,923",,139,,635,,578,,108,,"1,703",,75,,416,,3,,281,,435,,"6,384",
   Stimulus Income,0,,0,,0,,0,,0,,0,,0,,0,,0,,0,,0,,0,,0,
   Incentive Payments,"18,546",7.81,"18,546",7.94,"18,546",7.53,"18,546",8.18,"17,166",8,"17,856",7.29,"20,481",8.21,"20,481",8.95,"20,481",8.15,"20,534",8.43,"20,534",8.37,"20,534",8.77,"232,251",8.13
TOTAL Revenue,"877,308",369.39,"856,113",366.33,"898,468",364.93,"789,014",347.89,"723,906",337.49,"884,982",361.07,"916,505",367.19,"843,294",368.41,"905,706",360.55,"911,915",374.2,"933,397",380.36,"861,533",368.02,"10,402,141",364.13
Patient Days,,,,,,,,,,,,,,,,,,,,,,,,,,
   Medicaid,"1,335",,"1,397",,"1,388",,"1,405",,"1,225",,"1,480",,"1,409",,"1,295",,"1,370",,"1,476",,"1,480",,"1,308",,"16,568",
   Hospice,93,,140,,142,,141,,120,,206,,113,,101,,175,,213,,3,,162,,"1,609",
   Medicare A,300,,244,,278,,267,,245,,323,,330,,330,,313,,324,,412,,312,,"3,678",
   Commercial Insurance,114,,152,,219,,109,,107,,228,,323,,186,,246,,264,,211,,237,,"2,396",
   Private Pay,533,,404,,435,,340,,442,,218,,321,,377,,408,,160,,348,,322,,"4,308",
   Veteran Affairs,0,,0,,0,,0,,0,,0,,0,,0,,0,,0,,0,,0,,0,
   Independent Living,0,,0,,0,,0,,0,,0,,0,,0,,0,,0,,0,,0,,0,
TOTAL Patient Days,"2,375",,"2,337",,"2,462",,"2,262",,"2,139",,"2,455",,"2,496",,"2,289",,"2,512",,"2,437",,"2,454",,"2,341",,"28,559",
Nursing & Medical,,,,,,,,,,,,,,,,,,,,,,,,,,
   Director Of Nursing,"10,067",4.24,"8,597",3.68,"8,438",3.43,"9,040",3.99,"9,054",4.22,"8,871",3.62,"8,918",3.57,"8,961",3.91,"9,066",3.61,"8,996",3.69,"9,066",3.69,"8,879",3.79,"107,954",3.78
   Assistant Director Of Nursing,"7,601",3.2,"7,638",3.27,"6,659",2.7,"1,904",0.84,"6,738",3.14,"8,630",3.52,"7,925",3.18,"8,333",3.64,"8,572",3.41,"7,592",3.12,"8,267",3.37,"8,290",3.54,"88,148",3.09
   Payroll RN,"72,869",30.68,"66,824",28.59,"64,087",26.03,"66,427",29.29,"64,275",29.97,"61,682",25.17,"59,947",24.02,"50,130",21.9,"55,560",22.12,"50,056",20.54,"52,129",21.24,"53,213",22.73,"717,200",25.11
   Payroll LPN,"34,691",14.61,"34,825",14.9,"35,716",14.51,"40,897",18.03,"39,372",18.36,"40,479",16.52,"46,116",18.48,"46,320",20.24,"50,513",20.11,"55,947",22.96,"57,211",23.31,"48,697",20.8,"530,786",18.58
   Payroll Aides & Orderlies,"155,904",65.64,"145,993",62.47,"154,712",62.84,"142,246",62.72,"151,314",70.54,"172,369",70.33,"164,465",65.89,"141,910",62,"155,061",61.73,"159,813",65.58,"167,254",68.16,"169,747",72.51,"1,880,788",65.84
   Payroll Nursing Clerical,"7,715",3.25,"7,615",3.26,"7,479",3.04,"7,624",3.36,"7,485",3.49,"8,478",3.46,"7,955",3.19,"7,335",3.2,"7,702",3.07,"8,508",3.49,"8,159",3.32,"7,653",3.27,"93,709",3.28
   Payroll Medical Records,0,0,0,0,0,0,0,0,0,0,0,0,0,0,0,0,0,0,0,0,0,0,0,0,0,0
   Contract RN,"13,755",5.79,"5,793",2.48,"26,888",10.92,"12,299",5.42,"8,223",3.83,"26,644",10.87,"25,687",10.29,"22,100",9.65,"14,906",5.93,"14,387",5.9,"17,675",7.2,"35,944",15.35,"224,300",7.85
   Contract LPN,882,0.37,0,0,0,0,260,0.11,0,0,"2,399",0.98,"3,868",1.55,"6,484",2.83,"2,371",0.94,"2,052",0.84,224,0.09,"1,911",0.82,"20,450",0.72
   Contract Aides & Orderlies,"4,771",2.01,"3,121",1.34,"24,585",9.99,"11,843",5.22,"3,955",1.84,"11,865",4.84,"13,543",5.43,"14,440",6.31,"8,014",3.19,"6,600",2.71,"6,704",2.73,"7,056",3.01,"116,496",4.08
   Medical Supplies,"8,808",3.71,"7,412",3.17,"10,819",4.39,"8,067",3.56,"8,778",4.09,"10,387",4.24,"8,245",3.3,"9,191",4.02,"8,443",3.36,"9,021",3.7,"9,699",3.95,"9,460",4.04,"108,330",3.79
   Covid-19 Medical Supplies,285,0.12,384,0.16,383,0.16,712,0.31,"2,534",1.18,"1,459",0.6,"2,014",0.81,0,0,141,0.06,516,0.21,390,0.16,0,0,"8,817",0.31
   Nurse Consultant,"10,001",4.21,"9,971",4.27,"10,041",4.08,"10,011",4.41,"9,951",4.64,"9,991",4.08,"11,521",4.62,"11,551",5.05,"13,242",5.27,"11,581",4.75,"11,541",4.7,"11,521",4.92,"130,923",4.58
   Medical Director,"8,000",3.37,"4,000",1.71,"2,000",0.81,0,0,"2,000",0.93,"2,000",0.82,"2,200",0.88,"2,200",0.96,0,0,"2,200",0.9,"2,200",0.9,"2,200",0.94,"29,000",1.02
   Covid-19 Telehealth,0,0,0,0,0,0,0,0,0,0,0,0,0,0,0,0,0,0,0,0,0,0,0,0,0,0
   Drugs House Stock,"3,153",1.33,"2,627",1.12,"1,823",0.74,"2,354",1.04,0,0,0,0,"2,830",1.13,"2,197",0.96,"2,795",1.11,"1,404",0.58,"1,031",0.42,"7,665",3.27,"27,878",0.98
   Drugs Other,0,0,788,0.34,"1,203",0.49,0,0,0,0,0,0,973,0.39,931,0.41,"4,865",1.94,"1,192",0.49,"4,844",1.97,"2,102",0.9,"16,898",0.59
   DME Rental,"6,198",2.61,795,0.34,"3,020",1.23,"2,461",1.08,"1,323",0.62,"1,450",0.59,757,0.3,885,0.39,0,0,"3,618",1.48,"1,471",0.6,"1,812",0.77,"23,788",0.83
   Oxygen,"3,513",1.48,0,0,"1,218",0.49,"2,026",0.89,401,0.19,966,0.39,116,0.05,961,0.42,0,0,936,0.38,"1,339",0.55,"1,154",0.49,"12,630",0.44
   Ambulance Expense,106,0.04,"1,035",0.44,30,0.01,664,0.29,126,0.06,194,0.08,122,0.05,"1,631",0.71,325,0.13,15,0.01,161,0.07,15,0.01,"4,422",0.15
   Respiratory Supplies,0,0,0,0,0,0,0,0,0,0,0,0,0,0,0,0,0,0,0,0,0,0,0,0,0,0
TOTAL Nursing & Medical,"348,318",146.66,"307,417",131.54,"359,100",145.86,"318,835",140.58,"315,529",147.1,"367,862",150.09,"367,200",147.12,"335,560",146.6,"341,575",135.98,"344,434",141.34,"359,365",146.44,"377,320",161.18,"4,142,515",145.01
Therapy & Ancillary Services,,,,,,,,,,,,,,,,,,,,,,,,,,
   Physical Therapy Services,"22,612",9.52,"22,122",9.47,"23,626",9.6,"22,170",9.78,"20,119",9.38,"24,973",10.19,"24,947",9.99,"21,526",9.4,"24,315",9.68,"23,680",9.72,"24,928",10.16,"22,472",9.6,"277,487",9.71
   Occupational Therapy Services,"19,961",8.4,"19,396",8.3,"19,165",7.78,"19,990",8.81,"17,380",8.1,"21,528",8.78,"22,385",8.97,"20,698",9.04,"21,100",8.4,"22,359",9.17,"24,571",10.01,"19,346",8.26,"247,879",8.68
   Speech Therapy Services,"4,217",1.78,"4,109",1.76,"3,235",1.31,"3,345",1.47,"2,008",0.94,"1,457",0.59,"4,184",1.68,"4,125",1.8,"4,788",1.91,"3,244",1.33,801,0.33,649,0.28,"36,162",1.27
   Pharmacy Consultant,"1,265",0.53,"1,340",0.57,"1,292",0.52,"1,384",0.61,700,0.33,700,0.29,"1,058",0.42,"1,246",0.54,"1,153",0.46,"1,333",0.55,"1,214",0.49,"1,240",0.53,"13,923",0.49
   RX Drugs,"5,755",2.42,"5,131",2.2,"3,564",1.45,"2,884",1.27,0,0,0,0,"8,881",3.56,"7,911",3.46,"4,996",1.99,"7,722",3.17,"9,455",3.85,"9,135",3.9,"65,436",2.29
   Drugs Managed Care,"6,057",2.55,"6,843",2.93,"5,215",2.12,"6,566",2.9,0,0,0,0,"6,882",2.76,"4,729",2.07,"1,515",0.6,"6,301",2.59,"4,394",1.79,"8,440",3.61,"56,944",1.99
   VA - Drugs,0,,0,,0,,0,,0,,0,,0,,0,,0,,0,,0,,0,,0,
   Radiology,216,0.09,433,0.19,760,0.31,378,0.17,245,0.11,880,0.36,816,0.33,"1,456",0.64,747,0.3,384,0.16,-81,-0.03,651,0.28,"6,885",0.24
   Laboratory,47,0.02,"1,753",0.75,"1,624",0.66,"1,454",0.64,605,0.28,40,0.02,348,0.14,"3,030",1.32,"3,411",1.36,"2,011",0.83,"1,459",0.59,187,0.08,"15,968",0.56
TOTAL Therapy & Ancillary Services,"60,131",25.32,"61,126",26.16,"58,481",23.75,"58,173",25.65,"41,056",19.14,"49,577",20.23,"69,501",27.84,"64,721",28.27,"62,024",24.69,"67,035",27.51,"66,741",27.2,"62,119",26.54,"720,684",25.23
Social Services,,,,,,,,,,,,,,,,,,,,,,,,,,
   Payroll Social Services,"5,970",2.51,"5,762",2.47,"6,067",2.46,"6,109",2.69,"5,845",2.73,"5,870",2.39,"6,150",2.46,"5,355",2.34,"5,950",2.37,"5,698",2.34,"5,941",2.42,"5,917",2.53,"70,635",2.47
   Payroll Admissions,0,0,"10,570",4.52,"4,636",1.88,"5,935",2.62,"5,935",2.77,"6,078",2.48,"7,720",3.09,"7,829",3.42,"7,883",3.14,"4,371",1.79,"3,988",1.62,"3,504",1.5,"68,449",2.4
   Social Service Supplies,0,0,0,0,0,0,0,0,0,0,0,0,0,0,0,0,0,0,0,0,0,0,0,0,0,0
   Social Service Consultant,770,0.32,0,0,770,0.31,840,0.37,0,0,"1,085",0.44,280,0.11,490,0.21,210,0.08,490,0.2,350,0.14,"1,015",0.43,"6,300",0.22
TOTAL Social Services,"6,740",2.84,"16,332",6.99,"11,472",4.66,"12,884",5.68,"11,780",5.49,"13,033",5.32,"14,150",5.67,"13,675",5.97,"14,043",5.59,"10,559",4.33,"10,279",4.19,"10,436",4.46,"145,383",5.09
Leisure Time & Activities,,,,,,,,,,,,,,,,,,,,,,,,,,
   Payroll Activity,"12,085",5.09,"12,009",5.14,"11,764",4.78,"11,970",5.28,"11,860",5.53,"12,702",5.18,"10,744",4.3,"8,629",3.77,"9,610",3.83,"9,296",3.81,"9,686",3.95,"9,544",4.08,"129,898",4.55
   Activity Supplies,936,0.39,"1,814",0.78,"1,211",0.49,"1,291",0.57,"1,284",0.6,"2,760",1.13,"1,785",0.72,809,0.35,"1,576",0.63,"1,595",0.65,"1,854",0.76,"2,629",1.12,"19,544",0.68
TOTAL Leisure Time & Activities,"13,021",5.48,"13,823",5.91,"12,975",5.27,"13,261",5.85,"13,144",6.13,"15,462",6.31,"12,528",5.02,"9,438",4.12,"11,186",4.45,"10,891",4.47,"11,540",4.7,"12,173",5.2,"149,442",5.23
House & Plant Costs,,,,,,,,,,,,,,,,,,,,,,,,,,
   Payroll Housekeeping,"11,976",5.04,"12,031",5.15,"10,548",4.28,"13,059",5.76,"15,390",7.17,"16,629",6.78,"16,568",6.64,"14,026",6.13,"12,961",5.16,"11,168",4.58,"12,531",5.11,"14,468",6.18,"161,354",5.65
   Payroll Laundry,"5,608",2.36,"5,467",2.34,"6,371",2.59,"5,931",2.62,"5,481",2.56,"5,645",2.3,"5,537",2.22,"6,363",2.78,"7,364",2.93,"7,589",3.11,"6,765",2.76,"6,453",2.76,"74,574",2.61
   Payroll Maintenance,"16,046",6.76,"-1,433",-0.61,"14,114",5.73,"11,113",4.9,"7,486",3.49,"9,129",3.72,"8,205",3.29,"7,679",3.35,"9,237",3.68,"8,245",3.38,"9,622",3.92,"9,181",3.92,"108,624",3.8
   Payroll Security,0,0,0,0,0,0,0,0,0,0,0,0,0,0,0,0,0,0,0,0,0,0,0,0,0,0
   Housekeeping Supplies,"1,315",0.55,"2,583",1.11,"1,501",0.61,"1,516",0.67,"1,519",0.71,"1,815",0.74,"1,683",0.67,"2,154",0.94,"1,538",0.61,"1,306",0.54,"1,244",0.51,"1,232",0.53,"19,405",0.68
   Covid-19 Housekeeping Supplies,0,0,0,0,0,0,0,0,0,0,0,0,0,0,0,0,0,0,0,0,0,0,0,0,0,0
   Laundry Supplies,356,0.15,608,0.26,457,0.19,0,0,321,0.15,368,0.15,52,0.02,788,0.34,404,0.16,740,0.3,395,0.16,377,0.16,"4,867",0.17
   Linen Replacement,464,0.2,156,0.07,"1,237",0.5,275,0.12,"1,028",0.48,896,0.37,351,0.14,263,0.11,261,0.1,424,0.17,310,0.13,148,0.06,"5,812",0.2
   Maintenance Supplies,"2,199",0.93,"2,526",1.08,"1,924",0.78,"3,238",1.43,"2,338",1.09,"1,423",0.58,537,0.22,818,0.36,583,0.23,"3,151",1.29,"2,549",1.04,966,0.41,"22,252",0.78
   Maintenance Services,"7,832",3.3,"12,358",5.29,"11,690",4.75,"14,930",6.58,"2,820",1.31,"115,691",47.2,"10,178",4.08,"12,482",5.45,"3,991",1.59,"11,494",4.72,"5,346",2.18,"29,255",12.5,"238,066",8.33
   Lawn & Snow Removal Services,0,0,"2,320",0.99,400,0.16,240,0.11,0,0,"3,570",1.46,0,0,775,0.34,605,0.24,0,0,760,0.31,"5,000",2.14,"13,670",0.48
   Scavenger,565,0.24,"2,716",1.16,"1,265",0.51,"2,419",1.07,"1,545",0.72,"1,005",0.41,"1,015",0.41,"1,111",0.49,-889,-0.35,"1,085",0.45,960,0.39,927,0.4,"13,724",0.48
   Exterminator,0,0,0,0,0,0,0,0,0,0,0,0,0,0,0,0,0,0,0,0,0,0,0,0,0,0
   Electric & Gas,"3,497",1.47,"4,167",1.78,"8,260",3.35,"6,255",2.76,"3,454",1.61,"6,796",2.77,"1,916",0.77,"-2,827",-1.24,"1,691",0.67,"5,639",2.31,"8,686",3.54,"2,107",0.9,"49,640",1.74
   Water & Sewer,"2,737",1.15,"5,531",2.37,0,0,0,0,"3,543",1.65,"1,973",0.8,"3,087",1.24,"2,500",1.09,"2,301",0.92,"2,472",1.01,"9,299",3.79,"3,908",1.67,"37,351",1.31
TOTAL House & Plant Costs,"52,594",22.14,"49,029",20.98,"57,766",23.46,"58,976",26,"44,924",20.94,"164,941",67.3,"49,129",19.68,"46,133",20.15,"40,048",15.94,"53,313",21.88,"58,466",23.82,"74,021",31.62,"749,339",26.23
Food & Nutrition,,,,,,,,,,,,,,,,,,,,,,,,,,
   Payroll Dietary,"27,171",11.44,"28,137",12.04,"27,808",11.29,"26,559",11.71,"23,191",10.81,"24,827",10.13,"27,373",10.97,"24,196",10.57,"26,793",10.67,"25,798",10.59,"26,988",11,"26,712",11.41,"315,553",11.05
   Food,"17,811",7.5,"27,496",11.77,"16,725",6.79,"19,302",8.51,"18,234",8.5,"17,889",7.3,"21,724",8.7,"18,741",8.19,"18,383",7.32,"21,239",8.72,"14,330",5.84,"20,887",8.92,"232,760",8.15
   Food Supplements,"1,749",0.74,"1,258",0.54,"1,558",0.63,"1,554",0.69,"1,811",0.84,"1,243",0.51,"1,522",0.61,"1,152",0.5,"2,044",0.81,"2,868",1.18,"1,628",0.66,"2,331",1,"20,720",0.73
   Dietary Supplies,"1,490",0.63,"1,973",0.84,"2,284",0.93,"1,537",0.68,"3,564",1.66,"1,739",0.71,"2,775",1.11,"2,799",1.22,"1,913",0.76,"2,317",0.95,"1,796",0.73,"3,071",1.31,"27,259",0.95
   Covid-19 Dietary Supplies,0,0,0,0,0,0,0,0,0,0,0,0,0,0,0,0,0,0,0,0,0,0,0,0,0,0
   Dietary Consultant,53,0.02,634,0.27,53,0.02,126,0.06,126,0.06,127,0.05,136,0.05,136,0.06,136,0.05,170,0.07,133,0.05,134,0.06,"1,962",0.07
TOTAL Food & Nutrition,"48,274",20.33,"59,498",25.46,"48,427",19.67,"49,078",21.64,"46,926",21.88,"45,826",18.7,"53,529",21.45,"47,025",20.54,"49,269",19.61,"52,392",21.5,"44,875",18.29,"53,135",22.7,"598,253",20.94
Employee Welfare Costs,,,,,,,,,,,,,,,,,,,,,,,,,,
   Payroll Taxes,"31,531",13.28,"29,560",12.65,"29,738",12.08,"25,028",11.04,"29,128",13.58,"32,183",13.13,"33,360",13.37,"29,234",12.77,"30,363",12.09,"29,332",12.04,"30,499",12.43,"29,954",12.8,"359,910",12.6
   Workmans Comp Insurance,"2,009",0.85,"2,033",0.87,"1,988",0.81,"2,442",1.08,"2,490",1.16,"6,748",2.75,"1,985",0.8,"1,985",0.87,"1,985",0.79,"1,985",0.81,"2,511",1.02,"2,005",0.86,"30,163",1.06
   Employee Benefits,161,0.07,695,0.3,435,0.18,"8,143",3.59,"4,568",2.13,894,0.36,"1,507",0.6,92,0.04,25,0.01,908,0.37,"6,179",2.52,"-4,664",-1.99,"18,944",0.66
   Employee Insurance,"13,951",5.87,"13,405",5.74,"14,323",5.82,"7,063",3.11,"12,788",5.96,"15,253",6.22,"14,306",5.73,"15,528",6.78,"11,064",4.4,"4,202",1.72,"12,509",5.1,"12,859",5.49,"147,254",5.15
   Education & Seminars,"5,005",2.11,455,0.19,-440,-0.18,0,0,0,0,0,0,0,0,0,0,0,0,200,0.08,0,0,0,0,"5,220",0.18
   Pension,"3,549",1.49,"3,309",1.42,"3,410",1.38,"-1,126",-0.5,-307,-0.14,"4,766",1.94,"1,778",0.71,"3,364",1.47,"3,509",1.4,-582,-0.24,"-1,963",-0.8,"14,630",6.25,"34,336",1.2
TOTAL Employee Welfare Costs,"56,207",23.67,"49,458",21.16,"49,454",20.09,"41,549",18.32,"48,667",22.69,"59,844",24.42,"52,937",21.21,"50,202",21.93,"46,946",18.69,"36,044",14.79,"49,736",20.27,"54,783",23.4,"595,826",20.86
General & Administrative,,,,,,,,,,,,,,,,,,,,,,,,,,
   Payroll Administrative,"11,541",4.86,"12,268",5.25,"10,491",4.26,"12,133",5.35,"10,847",5.06,"23,449",9.57,"10,874",4.36,"12,153",5.31,"7,665",3.05,"6,379",2.62,"20,637",8.41,"7,327",3.13,"145,765",5.1
   Payroll Office,"6,978",2.94,"9,585",4.1,"9,165",3.72,"9,333",4.12,"8,737",4.07,"8,725",3.56,"10,518",4.21,"11,379",4.97,"12,582",5.01,"12,081",4.96,"12,484",5.09,"14,285",6.1,"125,853",4.41
   Payroll Marketing,0,0,0,0,0,0,0,0,0,0,0,0,0,0,0,0,0,0,0,0,0,0,0,0,0,0
   Marketing Consultant,850,0.36,850,0.36,850,0.35,850,0.37,850,0.4,850,0.35,850,0.34,850,0.37,"1,311",0.52,850,0.35,850,0.35,"1,302",0.56,"11,113",0.39
   General Insurance,"6,165",2.6,"5,665",2.42,"5,665",2.3,"5,665",2.5,"5,665",2.64,"5,665",2.31,"7,545",3.02,"6,474",2.83,"6,474",2.58,"6,474",2.66,"6,474",2.64,"6,474",2.77,"74,405",2.6
   Office Supplies,"1,956",0.82,767,0.33,749,0.3,899,0.4,476,0.22,955,0.39,751,0.3,"1,068",0.47,774,0.31,827,0.34,"1,141",0.47,645,0.28,"11,005",0.39
   Office Rental Equipment,986,0.42,"10,706",4.58,"4,629",1.88,"3,651",1.61,"1,326",0.62,"1,497",0.61,"2,173",0.87,"5,673",2.48,"1,147",0.46,"1,279",0.52,"1,193",0.49,"1,109",0.47,"35,368",1.24
   Contributions,0,0,0,0,0,0,0,0,0,0,0,0,0,0,0,0,0,0,0,0,0,0,0,0,0,0
   Licensing Fee,0,0,0,0,0,0,195,0.09,0,0,177,0.07,0,0,0,0,0,0,368,0.15,0,0,0,0,739,0.03
   Telephone & Cable,"2,250",0.95,"1,735",0.74,"2,576",1.05,"1,389",0.61,"2,967",1.38,"2,178",0.89,"2,173",0.87,"2,173",0.95,"2,173",0.87,"2,170",0.89,"2,170",0.88,"2,170",0.93,"26,123",0.91
   Dues & Subscriptions,"1,458",0.61,"1,341",0.57,"1,341",0.54,"1,509",0.67,"1,341",0.63,"1,341",0.55,"1,207",0.48,"3,406",1.49,"5,168",2.06,"1,207",0.5,"1,455",0.59,"5,924",2.53,"26,696",0.93
   Auto & Travel,"2,088",0.88,"1,205",0.52,"1,693",0.69,33,0.01,885,0.41,"1,200",0.49,"1,895",0.76,"-3,544",-1.55,607,0.24,228,0.09,779,0.32,"2,094",0.89,"9,163",0.32
   Bank Charges,"1,275",0.54,"1,656",0.71,956,0.39,"1,431",0.63,"1,249",0.58,"1,013",0.41,"1,631",0.65,"1,619",0.71,765,0.3,899,0.37,807,0.33,"2,657",1.14,"15,959",0.56
   Interest Charges,0,0,0,0,0,0,0,0,0,0,0,0,0,0,0,0,0,0,0,0,0,0,0,0,0,0
   Classified Ads,230,0.1,217,0.09,946,0.38,753,0.33,740,0.35,216,0.09,"1,276",0.51,740,0.32,736,0.29,"1,189",0.49,739,0.3,740,0.32,"8,522",0.3
   Management Fees,"43,789",18.44,"43,332",18.54,"44,923",18.25,"39,374",17.36,"36,912",17.21,"44,297",18.07,"45,636",18.28,"42,216",18.44,"45,596",18.15,"45,775",18.78,"46,646",19.01,"43,184",18.45,"521,682",18.26
   Accounting Fees,"14,788",6.23,"11,801",5.05,"11,932",4.85,"11,973",5.28,"11,973",5.58,"11,973",4.88,"13,457",5.39,"13,457",5.88,"12,911",5.14,"13,725",5.63,"13,642",5.56,"13,642",5.83,"155,275",5.44
   Legal Fees,"1,763",0.74,0,0,"4,343",1.76,"4,759",2.1,"6,427",3,"20,945",8.55,"8,431",3.38,0,0,"1,043",0.42,"1,598",0.66,0,0,0,0,"49,309",1.73
   Professional Fees,"5,035",2.12,"4,099",1.75,"6,327",2.57,"5,424",2.39,"2,573",1.2,"4,953",2.02,"5,565",2.23,"6,496",2.84,"8,248",3.28,"5,926",2.43,"5,894",2.4,"4,949",2.11,"65,487",2.29
   IT Services,"10,146",4.27,"10,289",4.4,"9,470",3.85,"11,812",5.21,"10,485",4.89,"11,991",4.89,"11,890",4.76,"10,697",4.67,"11,982",4.77,"19,656",8.07,"3,149",1.28,"5,622",2.4,"127,190",4.45
   Covid-19 Technology Equipment,0,0,0,0,0,0,0,0,0,0,0,0,0,0,0,0,0,0,0,0,0,0,0,0,0,0
   Promotions,890,0.37,65,0.03,"2,904",1.18,"2,181",0.96,"8,148",3.8,213,0.09,0,0,25,0.01,192,0.08,742,0.3,"13,347",5.44,"1,561",0.67,"30,268",1.06
   Penalties,0,0,0,0,0,0,0,0,0,0,0,0,0,0,0,0,0,0,0,0,0,0,0,0,0,0
   Assessment,"38,909",16.38,"35,750",15.3,"40,454",16.43,"38,909",17.16,"38,259",17.84,"38,147",15.56,"39,446",15.8,"38,394",16.77,"36,960",14.71,"39,850",16.35,"37,744",15.38,"33,914",14.49,"456,736",15.99
   Bad Debt,"17,164",7.23,"16,932",7.25,"17,619",7.16,"15,381",6.78,"14,396",6.71,"17,385",7.09,"17,897",7.17,"16,424",7.18,"16,435",6.54,"17,759",7.29,"17,656",7.19,"16,863",7.2,"201,911",7.07
TOTAL General & Administrative,"168,263",70.85,"168,263",72,"177,035",71.91,"167,655",73.92,"164,255",76.58,"197,169",80.44,"183,216",73.4,"169,700",74.14,"172,768",68.78,"178,981",73.44,"186,806",76.12,"164,462",70.25,"2,098,570",73.46
Capital Costs,,,,,,,,,,,,,,,,,,,,,,,,,,
   Rent,"60,312",25.39,"61,473",26.3,"61,473",24.97,"54,545",24.05,"54,545",25.43,"54,545",22.25,"54,545",21.85,"54,545",23.83,"54,545",21.71,"54,545",22.38,"54,545",22.23,"54,545",23.3,"674,162",23.6
   Real Estate Taxes,"4,357",1.83,"4,357",1.86,"4,357",1.77,"4,574",2.02,"4,574",2.13,"4,574",1.87,"4,574",1.83,"4,574",2,"4,574",1.82,"4,574",1.88,"4,574",1.86,"4,574",1.95,"54,240",1.9
   Property Insurance,"3,461",1.46,"3,461",1.48,"3,461",1.41,"3,461",1.53,"3,461",1.61,"3,461",1.41,"3,461",1.39,"3,461",1.51,"3,461",1.38,"3,461",1.42,"3,461",1.41,"3,461",1.48,"41,535",1.45
   Depreciation & Amortization,0,0,0,0,"30,192",12.26,"3,355",1.48,"3,355",1.56,"3,355",1.37,"3,355",1.34,"3,355",1.47,"3,355",1.34,"3,355",1.38,"3,355",1.37,"3,355",1.43,"60,384",2.11
   Interest,"9,892",4.17,"4,214",1.8,0,0,"8,181",3.61,"3,415",1.59,0,0,"7,147",2.86,"10,930",4.78,0,0,0,0,0,0,0,0,"43,778",1.53
   Personal Property Taxes,0,0,0,0,0,0,0,0,0,0,0,0,0,0,0,0,0,0,0,0,0,0,0,0,0,0
   Replacement Tax,0,0,0,0,0,0,"2,606",1.15,0,0,"3,448",1.41,0,0,0,0,0,0,0,0,0,0,0,0,"6,054",0.21
   Passthrough Tax Payments,0,0,0,0,0,0,0,0,0,0,"17,836",7.28,0,0,0,0,0,0,0,0,0,0,0,0,"17,836",0.62
TOTAL Capital Costs,"78,022",32.85,"73,504",31.45,"99,482",40.41,"76,722",33.83,"69,350",32.33,"87,219",35.59,"73,082",29.28,"76,866",33.58,"65,935",26.25,"65,935",27.06,"65,935",26.87,"65,935",28.17,"897,989",31.43
Total Expenses,"831,568",350.13,"798,450",341.66,"874,192",355.07,"797,133",351.47,"755,631",352.28,"1,000,933",408.38,"875,271",350.67,"813,319",355.32,"803,794",319.98,"819,584",336.31,"853,742",347.9,"874,385",373.51,"10,098,003",353.48
,,,,,,,,,,,,,,,,,,,,,,,,,,
Net Income - (Loss),"45,740",19.26,"57,663",24.67,"24,276",9.86,"-8,119",-3.58,"-31,725",-14.79,"-115,951",-47.31,"41,234",16.52,"29,975",13.1,"101,912",40.57,"92,331",37.89,"79,655",32.46,"-12,852",-5.49,"304,138",10.65
