,Income Statement Trending Detail - GGM,,,,,,,,,,,,,
,,,,,,,,,,,,,,
,1/1/2026 to 6/30/2026,,,,,,,,,,,,,
,,,,,,,,,,,,,,
,,,,,,,,,,,,,,
Included:,,,,,,,,,,,,,,
,Allure of Peru,,,,,,,,,,,,,
,,,,,,,,,,,,,,
,January 26_Actual $,January 26_Actual / Day,February 26_Actual $,February 26_Actual / Day,March 26_Actual $,March 26_Actual / Day,April 26_Actual $,April 26_Actual / Day,May 26_Actual $,May 26_Actual / Day,June 26_Actual $,June 26_Actual / Day,TOTALS_Actual $,TOTALS_Actual / Day
Revenue,,,,,,,,,,,,,,
   Medicaid,"373,338",264.97,"343,174",265,"362,983",264.95,"409,339",277.33,"410,735",277.52,"364,777",278.88,"2,264,346",271.57
   Hospice,"29,983",265.34,"26,799",265.34,"46,435",265.34,"58,351",273.95,"2,027",675.78,"44,864",276.94,"208,460",271.79
   Medicare A,"231,097",700.29,"233,294",706.95,"218,569",698.3,"226,673",699.61,"284,859",691.4,"217,731",697.86,"1,412,222",698.77
   Commercial Insurance,"145,811",451.43,"89,223",479.69,"115,480",469.43,"122,182",462.81,"95,169",451.04,"108,419",457.46,"676,284",461
   Private Pay,"91,485",285,"108,247",287.13,"117,477",287.93,"54,150",338.44,"100,947",290.08,"89,455",277.81,"561,760",290.17
   Veteran Affairs,0,,0,,0,,0,,0,,0,,0,
   Medicare / Managed Care B,"22,607",,"22,001",,"23,866",,"20,682",,"18,845",,"15,317",,"123,319",
   Private Pay Independent Living,0,,0,,0,,0,,0,,0,,0,
   Home Care Income,0,,0,,0,,0,,0,,0,,0,
   Daily Training Program,0,,0,,0,,0,,0,,0,,0,
   Other,"1,703",,75,,416,,3,,281,,435,,"2,913",
   Stimulus Income,0,,0,,0,,0,,0,,0,,0,
   Incentive Payments,"20,481",8.21,"20,481",8.95,"20,481",8.15,"20,534",8.43,"20,534",8.37,"20,534",8.77,"123,046",8.47
TOTAL Revenue,"916,505",367.19,"843,294",368.41,"905,706",360.55,"911,915",374.2,"933,397",380.36,"861,533",368.02,"5,372,349",369.77
Patient Days,,,,,,,,,,,,,,
   Medicaid,"1,409",,"1,295",,"1,370",,"1,476",,"1,480",,"1,308",,"8,338",
   Hospice,113,,101,,175,,213,,3,,162,,767,
   Medicare A,330,,330,,313,,324,,412,,312,,"2,021",
   Commercial Insurance,323,,186,,246,,264,,211,,237,,"1,467",
   Private Pay,321,,377,,408,,160,,348,,322,,"1,936",
   Veteran Affairs,0,,0,,0,,0,,0,,0,,0,
   Independent Living,0,,0,,0,,0,,0,,0,,0,
TOTAL Patient Days,"2,496",,"2,289",,"2,512",,"2,437",,"2,454",,"2,341",,"14,529",
Nursing & Medical,,,,,,,,,,,,,,
   Director Of Nursing,"8,918",3.57,"8,961",3.91,"9,066",3.61,"8,996",3.69,"9,066",3.69,"8,879",3.79,"53,886",3.71
   Assistant Director Of Nursing,"7,925",3.18,"8,333",3.64,"8,572",3.41,"7,592",3.12,"8,267",3.37,"8,290",3.54,"48,979",3.37
   Payroll RN,"59,947",24.02,"50,130",21.9,"55,560",22.12,"50,056",20.54,"52,129",21.24,"53,213",22.73,"321,036",22.1
   Payroll LPN,"46,116",18.48,"46,320",20.24,"50,513",20.11,"55,947",22.96,"57,211",23.31,"48,697",20.8,"304,805",20.98
   Payroll Aides & Orderlies,"164,465",65.89,"141,910",62,"155,061",61.73,"159,813",65.58,"167,254",68.16,"169,747",72.51,"958,251",65.95
   Payroll Nursing Clerical,"7,955",3.19,"7,335",3.2,"7,702",3.07,"8,508",3.49,"8,159",3.32,"7,653",3.27,"47,313",3.26
   Payroll Medical Records,0,0,0,0,0,0,0,0,0,0,0,0,0,0
   Contract RN,"25,687",10.29,"22,100",9.65,"14,906",5.93,"14,387",5.9,"17,675",7.2,"35,944",15.35,"130,698",9
   Contract LPN,"3,868",1.55,"6,484",2.83,"2,371",0.94,"2,052",0.84,224,0.09,"1,911",0.82,"16,909",1.16
   Contract Aides & Orderlies,"13,543",5.43,"14,440",6.31,"8,014",3.19,"6,600",2.71,"6,704",2.73,"7,056",3.01,"56,356",3.88
   Medical Supplies,"8,245",3.3,"9,191",4.02,"8,443",3.36,"9,021",3.7,"9,699",3.95,"9,460",4.04,"54,059",3.72
   Covid-19 Medical Supplies,"2,014",0.81,0,0,141,0.06,516,0.21,390,0.16,0,0,"3,060",0.21
   Nurse Consultant,"11,521",4.62,"11,551",5.05,"13,242",5.27,"11,581",4.75,"11,541",4.7,"11,521",4.92,"70,957",4.88
   Medical Director,"2,200",0.88,"2,200",0.96,0,0,"2,200",0.9,"2,200",0.9,"2,200",0.94,"11,000",0.76
   Covid-19 Telehealth,0,0,0,0,0,0,0,0,0,0,0,0,0,0
   Drugs House Stock,"2,830",1.13,"2,197",0.96,"2,795",1.11,"1,404",0.58,"1,031",0.42,"7,665",3.27,"17,921",1.23
   Drugs Other,973,0.39,931,0.41,"4,865",1.94,"1,192",0.49,"4,844",1.97,"2,102",0.9,"14,907",1.03
   DME Rental,757,0.3,885,0.39,0,0,"3,618",1.48,"1,471",0.6,"1,812",0.77,"8,542",0.59
   Oxygen,116,0.05,961,0.42,0,0,936,0.38,"1,339",0.55,"1,154",0.49,"4,507",0.31
   Ambulance Expense,122,0.05,"1,631",0.71,325,0.13,15,0.01,161,0.07,15,0.01,"2,268",0.16
   Respiratory Supplies,0,0,0,0,0,0,0,0,0,0,0,0,0,0
TOTAL Nursing & Medical,"367,200",147.12,"335,560",146.6,"341,575",135.98,"344,434",141.34,"359,365",146.44,"377,320",161.18,"2,125,455",146.29
Therapy & Ancillary Services,,,,,,,,,,,,,,
   Physical Therapy Services,"24,947",9.99,"21,526",9.4,"24,315",9.68,"23,680",9.72,"24,928",10.16,"22,472",9.6,"141,866",9.76
   Occupational Therapy Services,"22,385",8.97,"20,698",9.04,"21,100",8.4,"22,359",9.17,"24,571",10.01,"19,346",8.26,"130,459",8.98
   Speech Therapy Services,"4,184",1.68,"4,125",1.8,"4,788",1.91,"3,244",1.33,801,0.33,649,0.28,"17,791",1.22
   Pharmacy Consultant,"1,058",0.42,"1,246",0.54,"1,153",0.46,"1,333",0.55,"1,214",0.49,"1,240",0.53,"7,242",0.5
   RX Drugs,"8,881",3.56,"7,911",3.46,"4,996",1.99,"7,722",3.17,"9,455",3.85,"9,135",3.9,"48,102",3.31
   Drugs Managed Care,"6,882",2.76,"4,729",2.07,"1,515",0.6,"6,301",2.59,"4,394",1.79,"8,440",3.61,"32,262",2.22
   VA - Drugs,0,,0,,0,,0,,0,,0,,0,
   Radiology,816,0.33,"1,456",0.64,747,0.3,384,0.16,-81,-0.03,651,0.28,"3,973",0.27
   Laboratory,348,0.14,"3,030",1.32,"3,411",1.36,"2,011",0.83,"1,459",0.59,187,0.08,"10,446",0.72
TOTAL Therapy & Ancillary Services,"69,501",27.84,"64,721",28.27,"62,024",24.69,"67,035",27.51,"66,741",27.2,"62,119",26.54,"392,140",26.99
Social Services,,,,,,,,,,,,,,
   Payroll Social Services,"6,150",2.46,"5,355",2.34,"5,950",2.37,"5,698",2.34,"5,941",2.42,"5,917",2.53,"35,012",2.41
   Payroll Admissions,"7,720",3.09,"7,829",3.42,"7,883",3.14,"4,371",1.79,"3,988",1.62,"3,504",1.5,"35,296",2.43
   Social Service Supplies,0,0,0,0,0,0,0,0,0,0,0,0,0,0
   Social Service Consultant,280,0.11,490,0.21,210,0.08,490,0.2,350,0.14,"1,015",0.43,"2,835",0.2
TOTAL Social Services,"14,150",5.67,"13,675",5.97,"14,043",5.59,"10,559",4.33,"10,279",4.19,"10,436",4.46,"73,142",5.03
Leisure Time & Activities,,,,,,,,,,,,,,
   Payroll Activity,"10,744",4.3,"8,629",3.77,"9,610",3.83,"9,296",3.81,"9,686",3.95,"9,544",4.08,"57,508",3.96
   Activity Supplies,"1,785",0.72,809,0.35,"1,576",0.63,"1,595",0.65,"1,854",0.76,"2,629",1.12,"10,247",0.71
TOTAL Leisure Time & Activities,"12,528",5.02,"9,438",4.12,"11,186",4.45,"10,891",4.47,"11,540",4.7,"12,173",5.2,"67,756",4.66
House & Plant Costs,,,,,,,,,,,,,,
   Payroll Housekeeping,"16,568",6.64,"14,026",6.13,"12,961",5.16,"11,168",4.58,"12,531",5.11,"14,468",6.18,"81,722",5.62
   Payroll Laundry,"5,537",2.22,"6,363",2.78,"7,364",2.93,"7,589",3.11,"6,765",2.76,"6,453",2.76,"40,071",2.76
   Payroll Maintenance,"8,205",3.29,"7,679",3.35,"9,237",3.68,"8,245",3.38,"9,622",3.92,"9,181",3.92,"52,169",3.59
   Payroll Security,0,0,0,0,0,0,0,0,0,0,0,0,0,0
   Housekeeping Supplies,"1,683",0.67,"2,154",0.94,"1,538",0.61,"1,306",0.54,"1,244",0.51,"1,232",0.53,"9,157",0.63
   Covid-19 Housekeeping Supplies,0,0,0,0,0,0,0,0,0,0,0,0,0,0
   Laundry Supplies,52,0.02,788,0.34,404,0.16,740,0.3,395,0.16,377,0.16,"2,755",0.19
   Linen Replacement,351,0.14,263,0.11,261,0.1,424,0.17,310,0.13,148,0.06,"1,757",0.12
   Maintenance Supplies,537,0.22,818,0.36,583,0.23,"3,151",1.29,"2,549",1.04,966,0.41,"8,604",0.59
   Maintenance Services,"10,178",4.08,"12,482",5.45,"3,991",1.59,"11,494",4.72,"5,346",2.18,"29,255",12.5,"72,745",5.01
   Lawn & Snow Removal Services,0,0,775,0.34,605,0.24,0,0,760,0.31,"5,000",2.14,"7,140",0.49
   Scavenger,"1,015",0.41,"1,111",0.49,-889,-0.35,"1,085",0.45,960,0.39,927,0.4,"4,209",0.29
   Exterminator,0,0,0,0,0,0,0,0,0,0,0,0,0,0
   Electric & Gas,"1,916",0.77,"-2,827",-1.24,"1,691",0.67,"5,639",2.31,"8,686",3.54,"2,107",0.9,"17,212",1.18
   Water & Sewer,"3,087",1.24,"2,500",1.09,"2,301",0.92,"2,472",1.01,"9,299",3.79,"3,908",1.67,"23,567",1.62
TOTAL House & Plant Costs,"49,129",19.68,"46,133",20.15,"40,048",15.94,"53,313",21.88,"58,466",23.82,"74,021",31.62,"321,109",22.1
Food & Nutrition,,,,,,,,,,,,,,
   Payroll Dietary,"27,373",10.97,"24,196",10.57,"26,793",10.67,"25,798",10.59,"26,988",11,"26,712",11.41,"157,860",10.87
   Food,"21,724",8.7,"18,741",8.19,"18,383",7.32,"21,239",8.72,"14,330",5.84,"20,887",8.92,"115,303",7.94
   Food Supplements,"1,522",0.61,"1,152",0.5,"2,044",0.81,"2,868",1.18,"1,628",0.66,"2,331",1,"11,546",0.79
   Dietary Supplies,"2,775",1.11,"2,799",1.22,"1,913",0.76,"2,317",0.95,"1,796",0.73,"3,071",1.31,"14,671",1.01
   Covid-19 Dietary Supplies,0,0,0,0,0,0,0,0,0,0,0,0,0,0
   Dietary Consultant,136,0.05,136,0.06,136,0.05,170,0.07,133,0.05,134,0.06,844,0.06
TOTAL Food & Nutrition,"53,529",21.45,"47,025",20.54,"49,269",19.61,"52,392",21.5,"44,875",18.29,"53,135",22.7,"300,224",20.66
Employee Welfare Costs,,,,,,,,,,,,,,
   Payroll Taxes,"33,360",13.37,"29,234",12.77,"30,363",12.09,"29,332",12.04,"30,499",12.43,"29,954",12.8,"182,742",12.58
   Workmans Comp Insurance,"1,985",0.8,"1,985",0.87,"1,985",0.79,"1,985",0.81,"2,511",1.02,"2,005",0.86,"12,454",0.86
   Employee Benefits,"1,507",0.6,92,0.04,25,0.01,908,0.37,"6,179",2.52,"-4,664",-1.99,"4,048",0.28
   Employee Insurance,"14,306",5.73,"15,528",6.78,"11,064",4.4,"4,202",1.72,"12,509",5.1,"12,859",5.49,"70,470",4.85
   Education & Seminars,0,0,0,0,0,0,200,0.08,0,0,0,0,200,0.01
   Pension,"1,778",0.71,"3,364",1.47,"3,509",1.4,-582,-0.24,"-1,963",-0.8,"14,630",6.25,"20,735",1.43
TOTAL Employee Welfare Costs,"52,937",21.21,"50,202",21.93,"46,946",18.69,"36,044",14.79,"49,736",20.27,"54,783",23.4,"290,648",20
General & Administrative,,,,,,,,,,,,,,
   Payroll Administrative,"10,874",4.36,"12,153",5.31,"7,665",3.05,"6,379",2.62,"20,637",8.41,"7,327",3.13,"65,036",4.48
   Payroll Office,"10,518",4.21,"11,379",4.97,"12,582",5.01,"12,081",4.96,"12,484",5.09,"14,285",6.1,"73,329",5.05
   Payroll Marketing,0,0,0,0,0,0,0,0,0,0,0,0,0,0
   Marketing Consultant,850,0.34,850,0.37,"1,311",0.52,850,0.35,850,0.35,"1,302",0.56,"6,013",0.41
   General Insurance,"7,545",3.02,"6,474",2.83,"6,474",2.58,"6,474",2.66,"6,474",2.64,"6,474",2.77,"39,915",2.75
   Office Supplies,751,0.3,"1,068",0.47,774,0.31,827,0.34,"1,141",0.47,645,0.28,"5,205",0.36
   Office Rental Equipment,"2,173",0.87,"5,673",2.48,"1,147",0.46,"1,279",0.52,"1,193",0.49,"1,109",0.47,"12,573",0.87
   Contributions,0,0,0,0,0,0,0,0,0,0,0,0,0,0
   Licensing Fee,0,0,0,0,0,0,368,0.15,0,0,0,0,368,0.03
   Telephone & Cable,"2,173",0.87,"2,173",0.95,"2,173",0.87,"2,170",0.89,"2,170",0.88,"2,170",0.93,"13,027",0.9
   Dues & Subscriptions,"1,207",0.48,"3,406",1.49,"5,168",2.06,"1,207",0.5,"1,455",0.59,"5,924",2.53,"18,365",1.26
   Auto & Travel,"1,895",0.76,"-3,544",-1.55,607,0.24,228,0.09,779,0.32,"2,094",0.89,"2,059",0.14
   Bank Charges,"1,631",0.65,"1,619",0.71,765,0.3,899,0.37,807,0.33,"2,657",1.14,"8,379",0.58
   Interest Charges,0,0,0,0,0,0,0,0,0,0,0,0,0,0
   Classified Ads,"1,276",0.51,740,0.32,736,0.29,"1,189",0.49,739,0.3,740,0.32,"5,420",0.37
   Management Fees,"45,636",18.28,"42,216",18.44,"45,596",18.15,"45,775",18.78,"46,646",19.01,"43,184",18.45,"269,053",18.52
   Accounting Fees,"13,457",5.39,"13,457",5.88,"12,911",5.14,"13,725",5.63,"13,642",5.56,"13,642",5.83,"80,835",5.56
   Legal Fees,"8,431",3.38,0,0,"1,043",0.42,"1,598",0.66,0,0,0,0,"11,071",0.76
   Professional Fees,"5,565",2.23,"6,496",2.84,"8,248",3.28,"5,926",2.43,"5,894",2.4,"4,949",2.11,"37,078",2.55
   IT Services,"11,890",4.76,"10,697",4.67,"11,982",4.77,"19,656",8.07,"3,149",1.28,"5,622",2.4,"62,996",4.34
   Covid-19 Technology Equipment,0,0,0,0,0,0,0,0,0,0,0,0,0,0
   Promotions,0,0,25,0.01,192,0.08,742,0.3,"13,347",5.44,"1,561",0.67,"15,868",1.09
   Penalties,0,0,0,0,0,0,0,0,0,0,0,0,0,0
   Assessment,"39,446",15.8,"38,394",16.77,"36,960",14.71,"39,850",16.35,"37,744",15.38,"33,914",14.49,"226,308",15.58
   Bad Debt,"17,897",7.17,"16,424",7.18,"16,435",6.54,"17,759",7.29,"17,656",7.19,"16,863",7.2,"103,034",7.09
TOTAL General & Administrative,"183,216",73.4,"169,700",74.14,"172,768",68.78,"178,981",73.44,"186,806",76.12,"164,462",70.25,"1,055,932",72.68
Capital Costs,,,,,,,,,,,,,,
   Rent,"54,545",21.85,"54,545",23.83,"54,545",21.71,"54,545",22.38,"54,545",22.23,"54,545",23.3,"327,270",22.53
   Real Estate Taxes,"4,574",1.83,"4,574",2,"4,574",1.82,"4,574",1.88,"4,574",1.86,"4,574",1.95,"27,447",1.89
   Property Insurance,"3,461",1.39,"3,461",1.51,"3,461",1.38,"3,461",1.42,"3,461",1.41,"3,461",1.48,"20,768",1.43
   Depreciation & Amortization,"3,355",1.34,"3,355",1.47,"3,355",1.34,"3,355",1.38,"3,355",1.37,"3,355",1.43,"20,128",1.39
   Interest,"7,147",2.86,"10,930",4.78,0,0,0,0,0,0,0,0,"18,077",1.24
   Personal Property Taxes,0,0,0,0,0,0,0,0,0,0,0,0,0,0
   Replacement Tax,0,0,0,0,0,0,0,0,0,0,0,0,0,0
   Passthrough Tax Payments,0,0,0,0,0,0,0,0,0,0,0,0,0,0
TOTAL Capital Costs,"73,082",29.28,"76,866",33.58,"65,935",26.25,"65,935",27.06,"65,935",26.87,"65,935",28.17,"413,689",28.47
Total Expenses,"875,271",350.67,"813,319",355.32,"803,794",319.98,"819,584",336.31,"853,742",347.9,"874,385",373.51,"5,040,095",346.9
,,,,,,,,,,,,,,
Net Income - (Loss),"41,234",16.52,"29,975",13.1,"101,912",40.57,"92,331",37.89,"79,655",32.46,"-12,852",-5.49,"332,254",22.87
